volgorde,instantie,titel,type,oorspronkelijke_eigenaar,nieuwe_houder,statuswijziging,hoe,titel_communicatie,ontvanger_communicatie,communicatie_type,contactvorm,gevraagde_actie,aard,aard_toelichting,wanneer,aantal,doelgroep,waarom_eerste_3_maanden,knelpunten,bron
1,KVK,Ambtshalve uitschrijving onderneming,nvt,nvt,nvt,nvt,Automatisch,x,is hier communicatie?,Bevestiging,Brief,Geen,Wet,Algemene Wet Bestuursrecht (AWB),6-8 weken,,"Onderneming: Specifieke beroepsgroepen bij eenmanszaken: balletdansers, consultants..",?,? Misschien dat de erven ongewenst verantwoordelijk zijn voor verplichtingen die op naam staan van bedrijf?,
2,KVK,Handelsregister - up to date,Verplichting,Onderneming/ ondernemer,Onderneming/nabestaanden,Verplichting blijft,Handmatig,x,x,x,x,x,,Voortkomend uit Handelsregister wet. Handelsregister moet correct zijn.,,,,,"In praktijk wordt die verplichting in geval van nabestaanden niet actief opgelegd of opgevolgd maar opgeschort. Over deze verplichting of in gebreke blijven daarbij vindt geen communicatie naar nabestaanden plaats, zij kennen die plicht dus vaak ook niet. Strikt naleven is geen optie, zowel vanuit empathisch als praktisch oogmerk. Er zijn geen negatieve gevolgen voor nabestaanden.",
3,KVK,Handelsregister - up to date,Communicatie,,,,,Contactbrief,Onderneming / nabestaanden,Invormatieverzoek,Brief,Contact opnemen,Beleid,x,6-8 weken,,"Vennoten, mede bestuurders of ergenamen onderneming","Keuze van KVK, reden niet vastgelegd. Eventueel zou de eerste brief later verstuurd kunnen worden, maar daar kleven ook risico’s aan, bijvoorbeeld als het bedrijf een ruimte huurde en deze is al opgezegd en verhuurd aan een ander. De brief komt dan mogelijk niet bij de juiste persoon terecht","Erven en achtergebleven vennoten zijn per direct verantwoordelijk een aansprakelijk voor het opereren van de onderneming. Om te mogen/kunnen handelen moet je als bestuurder zijn ingeschreven. Zonder correcte registratie kunnen problemen ontstaan (met banken, RVO,..) en kan ook UBO niet worden aangepast. Zonder aanpassing in HR zal de onderneming uiteindelijk worden uitgeschreven",
4,KVK,Handelsregister - up to date,Communicatie,,,,,Rappelbrief,Onderneming / nabestaanden,Invormatieverzoek,Brief,Contact opnemen,Beleid,x,10-14 weken,,"Vennoten, mede bestuurders of ergenamen onderneming","Keuze van KVK, reden niet vastgelegd",zie boven,
5,KVK,Wijziging bestuurder vereniging/stichting,Verplichting,Organisatie,Organisatie,Verplichting blijft,Uitschrijven gaat automatisch Inschrijven handmatig,x,x,Verplichte administratieve handeling,Geen,Bestuurders wijzigen,Wet en statuten,"Algemene Wet Bestuursrecht (AWB). Volgens de wet moet een vereniging minimaal een voorzitter, secretaris en penningmeester hebben. Als deze posities niet ingevuld zijn, kan dit juridische problemen veroorzaken",Door bestuurder/nabestaanden te bepalen. Geen ambtshalve actie.,,Bestuurders vereniging/stichting,,,
6,KVK,Uitschrijving overleden bestuurder vereniging/stichting - bestuurder,Communicatie,,,,Doet KVK dit ?,AWB - brief - uitschrijving bestuurder,Nabestaanden,Bevestiging,Brief,"Geen, gaat automatisch?",Wet,Algemene Wet Bestuursrecht (AWB). Wet bepaalt dat deze brief verstuurd moet worden.,?,,Oud (overleden) bestuurder,,"Standaard brief, aanhef en tekst niet passend en niet gericht aan nabestaanden",
7,KVK,Uitschrijving overleden bestuurder vereniging/stichting - organisatie,Communicatie,,,,Doet KVK dit ?,AWB - brief - uitschrijving bestuurder,Organisatie,Bevestiging,Brief,"Geen, gaat automatisch?",Wet,Algemene Wet Bestuursrecht (AWB). Wet bepaalt dat deze brief verstuurd moet worden.,?,,Bestuurders vereniging/stichting,,,
8,KVK,Inschrijving nieuwe bestuurder vereniging/stichting,Verplichting Geen communicatie,Organisatie,Organisatie,,Handmatig,x,Organisatie,Verplichte administratieve handeling,Geen,Inschrijven,Wet en statuten,"Algemene Wet Bestuursrecht (AWB). Volgens de wet moet een vereniging minimaal een voorzitter, secretaris en penningmeester hebben. Als deze posities niet ingevuld zijn, kan dit juridische problemen veroorzaken",Door bestuurder/nabestaanden te bepalen. Geen ambtshalve actie.,,Bestuurders vereniging/stichting,,,
9,KVK,Wijziging UBO,Verplichting,Organisatie,Organisatie,Verplichting blijft,Uitschrijven gaat automatisch Inschrijven handmatig,,,Verplichte administratieve handeling,Geen,Er moet een nieuwe UBO worden ingeschreven,Wet,Algemene Wet Bestuursrecht (AWB),Binnen 7 dagen,,Organisaties,"Deze verplichting is altijd geldig, voor overlijden van een bestuurder wordt geen uitzondering gemaakt.",Als de overledene in het buitenland woont gebeurt uitschrijving niet automatisch.,
10,KVK,Uitschrijving UBO,Communicatie,,,,,AWB - bevestigingsbrief uitschrijving UBO - bestuurder,Nabestaanden,Bevestiging,Brief,Geen,Wet,Algemene Wet Bestuursrecht (AWB). Wet bepaalt dat deze brief verstuurd moet worden.,Na uitschrijving,,Oud (overleden) bestuurder,Wordt verstuurd na uitschrijving volgens AWB.,"Standaard brief, aanhef en tekst niet passend en niet gericht aan nabestaanden","UBO's zijn de uiteindelijke eigenaren of personen die mogen beslissen in een organisatie. Denk aan mensen die meer dan 25% van de aandelen hebben in een bv. Of mensen die meer dan 25% eigenaar zijn van een vof of maatschap, of meer dan 25% stemrecht bij een statutenwijziging van een stichting of vereniging. Heeft niemand zo'n belang van meer dan 25%? Dan zijn de hoger leidinggevende(n), bijvoorbeeld de vennoten of de statutaire bestuurders, de UBO's. Iedere UBO-plichtige organisatie heeft één of meer UBO's."
11,KVK,Uitschrijving UBO,Communicatie,,,,,AWB - bevestigingsbrief uitschrijving UBO - organisatie,Organisatie,Bevestiging,Brief,Geen,Wet,Algemene Wet Bestuursrecht (AWB). Wet bepaalt dat deze brief verstuurd moet worden.,Na uitschrijving,,Organisaties,Wordt verstuurd na uitschrijving volgens AWB.,,"UBO's zijn de uiteindelijke eigenaren of personen die mogen beslissen in een organisatie. Denk aan mensen die meer dan 25% van de aandelen hebben in een bv. Of mensen die meer dan 25% eigenaar zijn van een vof of maatschap, of meer dan 25% stemrecht bij een statutenwijziging van een stichting of vereniging. Heeft niemand zo'n belang van meer dan 25%? Dan zijn de hoger leidinggevende(n), bijvoorbeeld de vennoten of de statutaire bestuurders, de UBO's. Iedere UBO-plichtige organisatie heeft één of meer UBO's."
12,KVK,Inschrijving nieuwe UBO,Verplichting Geen communicatie,Organisatie,Organisatie,Verplichting blijft,Handmatig,,,Verplichte administratieve handeling,Geen,Wijziging/opgave doorgeven,Wet,Algemene Wet Bestuursrecht (AWB),Binnen 7 dagen,,Organisaties,"Deze verplichting is altijd geldig, voor overlijden van een bestuurder wordt geen uitzondering gemaakt.","Het niet (juist) geregistreerd hebben staan van UBO’s is een economisch delict. Problemen met inschrijven nieuwe bestuurder als oude nog niet is uitgeschreven in Handelsregister. Er wordt niet actief over gecommuniceerd vanuit KVK, maar heeft ook geen negatieve gevolgen in de vorm van boetes o.i.d. bij nabestaanden Als de nieuwe UBO niet is geregistreerd, kan er geen eigen UBO-uittreksel opgevraagd worden, terwijl dat vaak wel verlangd wordt door o.a. banken in het kader van het wijzigen van de tenaamstelling van de zakelijke rekening van de overleden ondernemer/diens bedrijf.",
13,KVK,Abonnementen,Verplichting,Organisatie,Organisatie,"Verplichting blijft, maar kan worden opgezegd",Handmatig,,,Betalingsverplichting,,,Contract,,,,,,,
14,KVK,Abonnementen,Verplichting,Organisatie,Organisatie,"Verplichting blijft, maar kan worden opgezegd",Handmatig,Factuur voor bepaalde abonnementen,Organisatie,Betaling,Factuur (brief of digitaal?),Betaling,Contract,"Systeem weet niet dat contactpersoon is overleden, CRM heeft geen koppeling met BRP",Afhankelijk van factuurdatum,,Organisaties,Gaat automatisch,Incasso als er niet wordt betaald. Standaard factuur gericht aan overledene,
15,Belastingdienst (Algemeen),Gegevens nabestaanden/erven nodig,Verzoek,nvt,nvt,nvt,Handmatig,,,,,,,,,,,,,
16,Belastingdienst (Algemeen),Vragenbrief contactpersoon,Communicatie,,,,,Vragenbrief contactpersoon,Nabestaanden,Informatieverzoek,Brief plus antwoordformulier,Doorgeven van 1 contactpersoon als ontvanger van alle post vanuit de Belastingdienst voor de overledene.,Wet,"Ieder fiscaal besluit, met betrekking de heffing en invordering van belastingen of tegemoetkomingen op grond van inkomensafhankelijke regelingen, moet direct kenbaar worden gemaakt (en dus bestemd kunnen worden). De berichtenbox van de overledene is niet toegankelijk voor de nabestaanden. De regeling EBV schrijft voor dat met nabestaanden anders dan via de elektronische weg (dus bijv. per brief) gecommuniceerd moet worden.",2-4 weken,187.500 per jaar,"Particulieren, nabestaanden",Omdat de heffing (incl. inning) en invordering termijnen kennen. Deze gaan lopen vanaf datum dagtekening fiscaal besluit/bekendmaking of een in de brief aangegeven datum.,"Post wordt welliswaar verzonden, in dat geval naar het laatst bekende woon-/postadres van de overledene, maar in veel gevallen is dan onzeker of deze de nabestaanden ook (tijdig) bereikt, waardoor mogelijk kans op aangifte- of betaalverzuim (incl. boete of heffingsrente).",https://wetten.overheid.nl/BWBR0037127/2024-07-25
17,Belastingdienst (Inning),Ervenbrief,Communicatie,,,,,Ervenbrief,Erven,Informatieverzoek,Brief plus antwoordformulier,Doorgeven van rekeningnummer na overlijden bij: - 1e teruggaaf op naam van overledene of bij ... - geweigerde uitbetaling (indien bankrekeningnummer overledene is opgeheven). Bewijsstukken opsturen,Wet,"Als we een uitbetaling doen, dan hebben we een rekeningnummer nodig. Ieder uit te betalen bedrag moet juist bestemd kunnen worden.",vanaf 1-2 weken,150.000 per jaar,"Particulieren, erven",Een uit te betalen bedrag moet direct en juist bestemd kunnen worden.,Uit te betalen bedragen worden bewaard totdat het nieuwe rekeningnummer bekend is. Met een maximum van 5 (of 7?) jaar. Daarna vervalt het bedrag aan de Staat. N.B. in sommige gevallen kan het bedrag worden verrekend met een openstaande schuld.,
18,Belastingdienst (inning),Betaling van openstaande verplichtingen,Verplichting,Overledene,"Erven, nalatenschap",Verplichting blijft,Handmatig,,,Betalingsverplichting,,,Wet,,,Onbekend,,,,
19,Belastingdienst (inning),Herinnering nog openstaande betaling,Communicatie,,,,,Herinnering nog openstaande betaling,Nabestaanden,Herinnering,Brief,Betaling,Wet,Betaling van opgelegde aanslag of termijn betalingsregeling gemist Invorderingswet 1990; Leidraad invordering,Kan in de situatie dat er vlak voor overlijden een te betalen aanslag is opgelegd. Of wanneer de overledene een betalingsregeling had en er niet is voldaan aan de betalingsregeling,Onbekend,Particulieren,Wettelijke of overeengekomen betaaltermijnen,"Extra kosten bij niet (tijdig) betalen, zoals boete, heffingsrente, invorderingskosten.",Invorderingswet 1990; Leidraad invordering
20,Belastingdienst (inning),Betaling van termijn betalingsregeling,Communicatie,,,,,Betaling van termijn betalingsregeling,Nabestaanden,Informatieverstrekking,Brief,Niets,Wet,"Iedere wijziging in de fiscale situatie moet onverwijld worden gecommuniceerd, dus ook deze.",Kan al indien vlak na overlijden aan een betalingstermijn/-regeling is voldaan,Onbekend,Particulieren,"Iedere wijziging in de fiscale situatie moet onverwijld worden gecommuniceerd, dus ook deze.","Geen, de nabestaanden hoeven immers niks meer te doen. Knelpunt ontstaat bij niet betalen (zie volgende rij).",
21,Belastingdienst (inning),Geweigerde incasso,Communicatie,,,,,Geweigerde incasso,Nabestaanden,Navragen,,,Beleid,Leidraad Invordering,,,Particulieren,,,
22,Belastingdienst (Inkomstenbelasting),Terguggave tegemoetkoming specifieke zorgkosten,Recht,Overledene,x,"Vervalt, evt verrekening nodig",Automatsch,,,,,,,,,,,,,
23,Belastingdienst (Inkomstenbelasting),Terguggave tegemoetkoming specifieke zorgkosten,Communicatie,,,,,Terguggave tegemoetkoming specifieke zorgkosten,Nabestaanden,Informatieverstrekking,Brief,Niets,Wet,"Wet op de inkomstenbelasting. Inkomensafhankelijke regeling (om mensen met laag inkomen niet te benadelen). Door combinatie van laag inkomen én aftrek van hoge ziektekosten, is mogelijk niet maximaal gebruik gemaakt van heffingskortingen. Dit wordt ongedaan gemaakt met de TSZ.","Na aangifte IH, maar kan dus samenvallen met periode van overlijden.",Geen aantallen bekend voor doelgroep nabestaanden. Wel denkbaar dat dit veel voor kan komen (leeftijd bij overlijden en combinatie met ziektekosten).,Particulieren,"Hoeft niet, kan wel toevallig zo uitkomen.","Geen, de nabestaanden hoeven immers niks te doen",https://www.belastingdienst.nl/wps/wcm/connect/bldcontentnl/belastingdienst/prive/relatie_familie_en_gezondheid/gezondheid/tegemoetkoming_specifieke_zorgkosten/waarom_een_tegemoetkoming
24,Belastingdienst (Inkomstenbelasting),Stopzetten uitbetalen VA lopende jaar,Recht,Overledene,x,"Vervalt, evt verrekening nodig",Automatsch,,,,,,Wet,Wet op de inkomstenbelasting,,,,,,
25,Belastingdienst (Inkomstenbelasting),Stopzetten uitbetalen VA lopende jaar,Communicatie,,,,,Stopzetten uitbetalen VA lopende jaar,Nabestaanden,Informatieverstrekking,Brief,Controleren,Wet,Wet op de inkomstenbelasting,Binnen 8 weken,Onbekend,Particulieren,Uitbetaling VA loopt anders door.,Mogelijk onterecht te hoge teruggaaf die later terug moet worden betaald.,"https://www.belastingdienst.nl/wps/wcm/connect/nl/na-een-overlijden/content/een-voorlopige-aanslag-stoppen-of-wijzigen-bij-een-overlijden#:~:text=Dat%20kan%20met%20het%20formulier,Mijn%20Belastingdienst%20van%20de%20overledene."
26,Belastingdienst (Inkomstenbelasting),Aangifte IH jaar voor het overlijden,Verplichting,Overledene,"Erven, nalatenschap",Verplichting blijft,Handmatig,,Nabestaanden,Verplichte aangifte,,Doen van aangifte IH voor een overledene,Wet,Wet op de inkomstenbelasting,,Onbekend,Particulieren,Standaard verzending,Het niet doen van aangifte leidt tot aangifteverzuim. Daarop volgt een herinnering om alsnog aangifte te doen (zie volgende rij). Indien geen aangifte wordt gedaan (en ook geen uitstel is verleend) wordt een ambsthalve aanslag opgelegd.,Wet inkomstenbelasting 2001
27,Belastingdienst (Inkomstenbelasting),Uitnodiging tot het doen van aangifte IH jaar voor het overlijden,Communicatie,,,,,Uitnodiging tot het doen van aangifte IH jaar voor het overlijden,Nabestaanden,Uittnodiging,Brief,Doen van aangifte IH voor een overledene,Wet,Wet op de inkomstenbelasting,Afhankelijk van het moment van overlijden of dit voorkomt. Overlijden in januari of februari,Onbekend,Particulieren,Standaard verzending,Het niet doen van aangifte leidt tot aangifteverzuim. Daarop volgt een herinnering om alsnog aangifte te doen (zie volgende rij). Indien geen aangifte wordt gedaan (en ook geen uitstel is verleend) wordt een ambsthalve aanslag opgelegd.,Wet inkomstenbelasting 2001
28,Belastingdienst (Inkomstenbelasting),Herinnering doen van aangifte IH eerder jaar,Communicatie,,,,,Herinnering doen van aangifte IH eerder jaar,Nabestaanden,Herinnering,Brief,Doen van aangifte IH voor een overledene,Wet,Wet op de inkomstenbelasting,Afhankelijk van het moment van overlijden of dit voorkomt. Herinnering volgt in juni/juli,Regulier ligt het aangifteverzuim IH rond de 7%. Voor nabestaanden is dit plusminus 16%.,Particulieren,,,Wet inkomstenbelasting 2001
29,Belastindienst (Inkomstenbelasting),Aangifte F overledene,Verplichting,x,Erven,Nieuw,Handmatig,,,Verplichte aangifte,,Doen van aangifte IH voor een overledene,Wet,Finale aangifte inkomstenbelasting,,,,,,
30,Belastindienst (Inkomstenbelasting),IH Aangiftebrief voor het doen van aangifte F overledene,Communicatie,,,,,IH Aangiftebrief voor het doen van aangifte F overledene,Nabestaanden,Uittnodiging,Brief en formulier F-aangifte,Doen van aangifte IH voor een overledene,Wet,Finale aangifte inkomstenbelasting,Binnen 5 maanden na overlijden (beschikbaar vanaf juli betreffende overlijdensjaar),Plusminus 110.000 per jaar.,Particulieren,Kan zeker zo uitkomen dat deze binnen 3 maanden na overlijden wordt verstuurd,,Wet inkomstenbelasting 2001
31,Belastingdienst (Omzetbelasting),BTW aangifte en betaling,Verplichting,Onderneming/overleden ondernemer,"Onderneming/erven, nalatenschap",Verplichting blijft,Handmatig,,,Verplichte aangifte & betaling,,Aangifte en betaling,Wet,Wet op de omzetbelasting. De omzetbelasting is een aangiftebelasting (betalen bij aangifte).,"Afhankelijk van moment van overlijden en periode aangifteplicht (maand, kwartaal of jaaraangifte)",,Onderneming,"Heeft te maken met aangiftetijdvak OB-plicht (maand, kwartaal, jaar). Het overgrote deel is kwartaalaangever.",Niet tijdig aangifte doen leidt automatisch tot een ambsthalve aanslag plus boete. Bijkomend probleem is dat de nabestaanden niet uitgenodigd worden tot doen van aangifte.,Wet omzetbelasting 1968
32,Belastingdienst (Omzetbelasting),BTW aangifte en betaling,Geen communicatie,,,,,geen communicatie,geen communicatie,Verplichte aangifte & betaling,geen communicatie,geen communicatie,Beleid?,Niet bekend waarom nabestaanden geen uitnodiging krijgen tot betaling loonheffing,,,Onderneming,,Nabestaanden worden niet uitgenodigd worden tot doen van aangifte.,
33,Belastingdienst (Omzetbelasting),BTW naheffingsaanslag incl. boete,Communicatie en verplichting,,,,,BTW naheffingsaanslag incl. boete,Onderneming / nabestaanden ondernemer,Aanslag en boete,Brief? beschikking plus boete,Betalen / Alsnog doen van aangifte / Bezwaar indienen,Wet,Wet op de omzetbelasting. De omzetbelasting is een aangiftebelasting (betalen bij aangifte).,"Afhankelijk van moment van overlijden en periode aangifteplicht (maand, kwartaal of jaaraangifte)",Gemiddeld 300 x aangifteverzuim OB per jaar,Onderneming,"Heeft te maken met aangiftetijdvak OB-plicht (maand, kwartaal, jaar). Het overgrote deel is kwartaalaangever.",Niet tijdig aangifte doen leidt automatisch tot een ambsthalve aanslag plus boete. Bijkomend probleem is dat de nabestaanden niet uitgenodigd worden tot doen van aangifte.,Wet omzetbelasting 1968
34,Belastingdienst (Motorrijtuigenbelasting),Motorruigenbelasting,Verplichting,Overledene,"Erven, nalatenschap",Verplichting blijft,Automatisch,,,,,Betaling,Wet,Wet op de motorrijtuigenbelasting,Maandelijks,Plusminus 25.000 per maand,Particulieren,Maandelijkse verplichting,Naheffingsaanslag plus boete.,Wet motorrijtuigenbelasting 1994
35,Belastingdienst (Motorrijtuigenbelasting),Motorruigenbelasting,Geen communicatie,,,,,Motorruigenbelasting,Nabestaanden,,Soms brief als automatische incasso niet werkt,Betaling,Wet,Wet op de motorrijtuigenbelasting,Maandelijks,Plusminus 25.000 per maand,Particulieren,Maandelijkse verplichting,Naheffingsaanslag plus boete.,Wet motorrijtuigenbelasting 1994
36,Belastingdienst (Loonheffing),Loonheffing,Verplichting,Onderneming/overleden ondernemer,"Onderneming/erven, nalatenschap",Verplichting blijft,Handmatig,,,Verplichte aangifte & betaling,,Aangifte en betaling,Wet,Wet op de loonheffing. De loonheffing is een aangiftebelasting (betalen bij aangifte).,Maandelijks,"Geen aantallen bekend voor doelgroep nabestaanden; relatief laag, minder dan aantallen omzetbelasting",Onderneming,Maandelijks aangiftetijdvak,Niet tijdig aangifte doen leidt automatisch tot een ambsthalve aanslag plus boete. Bijkomend probleem is dat de nabestaanden niet uitgenodigd worden tot doen van aangifte.,Wet Loonheffing 1964
37,Belastingdienst (Loonheffing),Loonheffing aangifte en betaling,Geen communicatie,,,,,,geen communicatie,Verplichte aangifte & betaling,geen communicatie,geen communicatie,Beleid?,Niet bekend waarom nabestaanden geen uitnodiging krijgen tot betaling loonheffing,,,Onderneming,Maandelijks aangiftetijdvak,Nabestaanden worden niet uitgenodigd worden tot doen van aangifte.,
38,Belastingdienst (Loonheffing),Naheffingsaanslag incl. boete,Communicatie en verplichting,,,,,Naheffingsaanslag incl. boete,Onderneming / nabestaanden ondernemer,Aanslag,Brief? beschikking plus boete,Betalen / Alsnog doen van aangifte / Bezwaar indienen,Wet,Wet op de loonheffing. De loonheffing is een aangiftebelasting (betalen bij aangifte).,Maandelijks,"Geen aantallen bekend voor doelgroep nabestaanden; relatief laag, minder dan aantallen omzetbelasting",Onderneming,Maandelijks aangiftetijdvak,Niet tijdig aangifte doen leidt automatisch tot een ambsthalve aanslag plus boete. Bijkomend probleem is dat de nabestaanden niet uitgenodigd worden tot doen van aangifte.,Wet Loonheffing 1964
39,Belastingdienst (Overige middelen),Categorie 'exoten' zoals bijvoorbeeld Verhuurdersheffing,x,,,,,Categorie 'exoten' zoals bijvoorbeeld Verhuurdersheffing,Nabestaanden,Niet verder uitgezocht; vraag is of deze al binnen de periode van 3 maanden tot een verplichting leiden,,,,,,,,,,
40,Toeslagen,Herziene VT,Recht,Overledene,x,"Vervalt, evt verrekening nodig",Automatisch,,,Toeslagen,,"Geen, gaat automatisch",Beleid,Toeslagen is een voorschot op basis van vastgestelde of geschatte inkomensgegevens. Bij overlijden wijzigt de inkomenssituatie (m.n. bij een achterblijvende partner en/of thuiswonende kinderen). Voorkomen dat de nabestaanden van de overleden toeslaggerechtigde onbedoeld in financiele problemen komen,Doorgaans al binnen 1 week na overlijden.,Plusminus 90.000 tot 100.000 overledenen (toeslaggerechtigden) per jaar.,Particulieren,Voorkomen dat de nabestaanden van de overleden toeslaggerechtigde onbedoeld in financiele problemen komen,"Geen, het meeste gebeurt automatisch. In bepaalde gevallen moeten nabestaanden hun inkomensgegevens aanpassen aan de nieuwe situatie, zodat het recht op toeslag blijft bestaan (maar wel op basis van de inkomensgegevens na overlijden).",
41,Toeslagen,Herziene VT beschikking,Communicatie,,,,,Herziene VT beschikking,Nabestaanden,Beschikking (per Toeslagsoort!!),"Brief, beschikking","Geen, gaat automatisch",Beleid,,Binnen 5 weken ontvangen de nabestaanden hiervan bericht. Ook van de verdere afhandeling van de toeslagen krijgen de nabestaanden van ons bericht.,Plusminus 90.000 tot 100.000 overledenen (toeslaggerechtigden) per jaar.,Particulieren,Voorkomen dat de nabestaanden van de overleden toeslaggerechtigde onbedoeld in financiele problemen komen,"Geen, het meeste gebeurt automatisch. In bepaalde gevallen moeten nabestaanden hun inkomensgegevens aanpassen aan de nieuwe situatie, zodat het recht op toeslag blijft bestaan (maar wel op basis van de inkomensgegevens na overlijden).",
42,Toeslagen,Terugvorderingsbeschikking,Verplichting,Overledene,"Erven, nalatenschap",Verplichting blijft,,,,Terugvordering (per Toeslagsoort!!),,Betaling,Beleid,Toeslagen is een voorschot op basis van vastgestelde of geschatte inkomensgegevens. Bij overlijden wijzigt de inkomenssituatie (m.n. bij een achterblijvende partner en/of thuiswonende kinderen). Voorkomen dat de nabestaanden van de overleden toeslaggerechtigde onbedoeld in financiele problemen komen,,Plusminus 90.000 tot 100.000 overledenen (toeslaggerechtigden) per jaar.,Particulieren,Voorkomen dat de nabestaanden van de overleden toeslaggerechtigde onbedoeld in financiele problemen komen,,
43,Toeslagen,Terugvorderingsbeschikking,Communicatie,,,,,Terugvorderingsbeschikking,Nabestaanden,Betaling,"Brief, beschikking",Betaling,Beleid,,Binnen 1 week na herziene VT beschiklking.,Plusminus 90.000 tot 100.000 overledenen (toeslaggerechtigden) per jaar.,Particulieren,Voorkomen dat de nabestaanden van de overleden toeslaggerechtigde onbedoeld in financiele problemen komen,,
44,Toeslagen,Eigen 'vragenbrief contactpersoon'/condoleancebrief???,x,,,,,Eigen 'vragenbrief contactpersoon'/condoleancebrief???,,Nog niet in productie,,n.v.t.,,,,,,,,
45,Belastingdienst (Erfbelasting),Erfbelasting,Verplichting,x,Erven,Nieuw,Handmatig,Erfbelasting,Erven,,,Aangifte,,Aangifte doen over ontvangen nalatenschap.,Binnen 4 maand na overlijden. Kan 'in theorie' ook binnen 3 maand zijn,,Particulieren,,Aangifte moet worden ingediend binnen 8 maand na overlijden. Daarna wordt belastingrente berekend en volgt er een herinnering en uiteindelijk een ambtshalve aanslag,
46,Belastingdienst (Erfbelasting),Uitnodiging of brief beoorderling aangifte erfbelasting,Communicatie,,,,,Uitnodiging of brief beoorderling aangifte erfbelasting,Erven,Uitnodigingsbrief of informatieverstrekking,Brief,Aangifte,,Aangifte doen over ontvangen nalatenschap.,Binnen 4 maand na overlijden. Kan 'in theorie' ook binnen 3 maand zijn,,Particulieren,,Aangifte moet worden ingediend binnen 8 maand na overlijden. Daarna wordt belastingrente berekend en volgt er een herinnering en uiteindelijk een ambtshalve aanslag,
47,Belastingdienst Particulieren,Nabestaandenmachtiging,Dienstverlening,x,Nabestaanden,Nieuw,Handmatig,,,,,,,,,,Particulieren,,Zonder nabestaandenmachtiging kunnen nabestaanden feitelijk niet de afhandeling van de fiscale zaken van de overledene doen.,
48,Belastingdienst Particulieren,Brief akkoord of niet akkoord nabestaandenmachtiging,Communicatie,,,,,Brief akkoord of niet akkoord nabestaandenmachtiging,Nabestaanden,Informatieverstrekking,Brief / telefonisch,Geen,?,,Afhankelijk van de datum aanvraag nabestaandemachtiging kan binnen 3 maand zijn.,"Geen exacte aantallen opgevraagd, maar wel groeiende (en substantieel).",Particulieren,Afhankelijk van datum aanvraag nabestaandenmachtiging,Zonder nabestaandenmachtiging kunnen nabestaanden feitelijk niet de afhandeling van de fiscale zaken van de overledene doen.,
49,SVB,AOW,Recht,Overledene,x,"Vervalt, evt verrekening nodig",Automatisch,,,,,,Wet,Recht op AOW stopt bij overlijden,ongeveer twee weken,,Particulieren,recht op AOW stopt bij overlijden,geen verplichting,
50,SVB,Brief beeindiging recht AOW,Communicatie,,,,,Brief beeindiging recht AOW,Nabestaanden,Informatieverstrekking,Brief,Geen,Wet,Recht op AOW stopt bij overlijden,ongeveer twee weken,,Particulieren,recht op AOW stopt bij overlijden,geen verplichting,
51,SVB,Algemene nabestaandenuitkering,Recht,x,Nabestaanden,Nieuw,Handmatig,,,,,,Recht,"Recht op Anw als partner overlijdt en nabestaande minderjarige kinderen heeft of arbeidsongeschikt is, recht afhankelijk van inkomen nabestaande.",,,Particulieren,"recht ontstaat bij overlijden partner, inkomen partner valt weg, Anw zorgt voor inkomen en kan nodig zijn om in bestaan te kunnen voorzien",geen verplichtingen,
52,SVB,brief over mogelijk recht op Algemene nabestaandenuitkering,Communicatie,,,,,brief over mogelijk recht op Algemene nabestaandenuitkering,Nabestaanden,Informatieverstrekking,Brief,checken via internet of telefonisch of er mogelijk recht bestaat op Anw-uitkering,Recht,"Als iemand die in Nederland woont, overlijdt en een partner achterlaat stuurt de SVB een brief waarin de nabestaande wordt gewezen op de mogelijkheid een nabestaandenuitkering via internet aan te vragen.",ongeveer twee weken,,Particulieren,"recht ontstaat bij overlijden partner, inkomen partner valt weg, Anw zorgt voor inkomen en kan nodig zijn om in bestaan te kunnen voorzien",geen verplichtingen,
53,SVB,Recht op kinderbijslag,Recht,,Nabestaande,Wijziging,Handmatig,,,,,,Recht,,,,Particulieren,Recht ontstaat bij overlijden partner. Kinderbijslag is een financiële ondersteuning,,
54,SVB,Brief aanvraag kinderbijslag als rechthebbende ouder is overleden,Communicatie,,,,,Brief over recht op kinderbijslag.,Nabestaande,Informatieverstrekking,Brief,Aanvraag kinderbijslag,Recht,Als overledene aanvrager was van de kinderbijslag dan moet de nabestaande een aanvraag kinderbijslag indienen om het recht over te laten gaan naar nabestaande.,,,Particulieren,Recht ontstaat bij overlijden partner. Kinderbijslag is een financiële ondersteuning.,,
55,CAK,Wmo (Wet maatschappelijke ondersteuning),Recht / Verplichting,Overledene,evt verekenen met nalatenschap,"Vervalt, evt verrekening nodig",,,,,,,,,,,Particulieren,,,Website CAK
56,CAK,Facturen ontvangen zorg / eigen bijdrage,,,,,,Factuur / correctiefacturen,Gericht aan overledene / nabestaanden,Factuur / correctiefacturen,Brief,Betaling / veel betaalde bedrag terugvragen met contactformulier. Aanleveren van gevraagde informatie,,"Na het overlijden van uw familielid, partner of bekende sturen we meestal nog 1 of 2 facturen. Hierop staat de eigen bijdrage voor de hulp die tot en met de overlijdensdatum is verleend. Ontvangt u een factuur voor hulp of ondersteuning in de periode na het overlijden? Dan hoeft u deze niet te betalen. Er volgt een correctiefactuur voor. U hoeft hier niets voor te doen.",?,?,Particulieren,?,,Website CAK
57,CAK,Wlz (Wet langdurige zorg),Recht / Verplichting,,,"Vervalt, evt verrekening nodig",,,,,,,Wet,Wet Langdurige zorg,,,Particulieren,,,Website CAK
58,CAK,Facturen eigen bijdrage,,,,,,Factuur / correctiefacturen,Gericht aan overledene / nabestaanden,Factuur / correctiefacturen,Brief,Rekening bekend:automatische terugstorting of automatische incasso. Anders rekeningnummer doorgeven / factuur betalen Soms verklaring van erfrecht nodig,Beleid,,Meeste administratie binnen 3 maanden. Soms tot 6 maanden na overlijden als gevolg van wijzigingen in administratie Belastingdienst of zorgkantoor,?,Particulieren,,,Website CAK
59,CAK,Zorgpremie betalingsregeling,Verplichting,Overledene,x,"Vervalt, evt verrekening nodig",,,,,,,Wet,?,,,,,,Website CAK
60,CAK,?,Geen communicatie???,,,1/,,Brief premieschuld,Erven,Informatieverstrekking,Brief,"Geen (Alleen als er teveel is betaald, dan verklaring van verwantschap of erfrecht sturen)",Beleid,,?,?,,,,Website CAK
61,CJIB,Verkeersboetes,Verplichting,Overledene,x,Vervalt,Automatisch,,,,,Geen,Beleid,Verkeersboetes worden op het moment dat wij vernemen via de BRP dat iemand is overleden afgeboekt. Betalingen die daarna alsnog op de boete worden ontvangen worden teruggestort. Hier is dus geen sprake van een nog openstaande betalingsverplichting die door een nabestaande moet worden opgepakt.,,,Particulieren,,,
62,CJIB,Verkeersboetes,Geen communicatie???,,,,,,,,,,,,,,Particulieren,,,
63,CJIB,Strafrechtelijke sancties,Verplichting,Overledene,x,Vervalt,Automatisch,,,,,,?,"Strafrechtelijke sancties (zowel geldelijk, als vrijheidsbeperkend, als vrijheidsbenemend), staan op naam van de dader. Op het moment dat de dader overlijdt stopt de tenuitvoerlegging. Hier is dus ook geen sprake van (betalings)verplichtingen die door een nabestaande moeten worden opgepakt. Strafrechtelijke aansprakelijkheid en straf worden dus niet geërfd.",,,Particulieren,,,
64,CJIB,Strafrechtelijke sancties,Geen communicatie???,,,,,Communicatie???,,,,,,,,,Particulieren,,,
65,CJIB,Schadevergoedingsreglingen (Als de dader overlijdt = betalende partij),Verplichting,Overledene,x,Vervalt,Automatisch,,,,,,?,Als de dader (betalende partij) overlijdt: Schadevergoedingsmaatregelen worden niet ten uitvoer gelegd na overlijden van de veroordeelde en reeds gestarte tenuitvoerlegging wordt gestopt. Hier is dus geen sprake van een nog openstaande betalingsverplichting die door een nabestaande moet worden opgepakt.,,,Particulieren,,,
66,CJIB,Schadevergoedingsreglingen,Geen communicatie???,,,,,Communicatie???,,,,,,,,,Particulieren,,,
67,CJIB,Schadevergoedingsreglingen (Als slachtoffer overlijdt = ontvangende partij),Recht,Overledene,Erven,Recht blijft bestaan,Handmatig / automatisch,,,,,,?,"Als het slachtoffer overlijdt wordt er uitbetaald op het rekeningnummer van het slachtoffer. Als dit rekeningnummer niet meer bestaat, wordt er uitbetaald aan een wettelijke erfgenaam.",,,Particulieren,,,
68,CJIB,Schadevergoedingsreglingen (Als slachtoffer overlijdt = ontvangende partij),Geen communicatie???,,,,,Communicatie???,,,,De wettelijk erfgenaam moet het CJIB een ‘Verklaring van Erfrecht’ te sturen. Staat een erfgenaam in het vonnis? Dan krijgt de erfgenaam automatisch de schadevergoeding.,,,,,Particulieren,,,
69,CJIB,OI/CRI vorderingen,Verplichtingen,Overledene,x,Vervalt,Automatisch,,,,,,,Bij OI/CRI vorderingen (inning en incasso voor andere overheidspartijen) is het aan de opdrachtgever van CJIB om aan te geven wat er moet gebeuren als iemand overlijdt.,,,Particulieren,,,
70,CJIB,OI/CRI vorderingen,Geen communicatie???,,,,,Communicatie?,,,,,,,,,Particulieren,,,
71,CJIB,Ontnemingsmaatregelen,Verplichting,Overledene,"Erven, nalatenschap",,,,,,,,,"Ontnemingsmaatregelen worden niet ten uitvoer gelegd na overlijden van de veroordeelde en reeds gestarte tenuitvoerlegging wordt gestopt. Ter info: dit komt naar schatting tussen de 30-50 keer per jaar voor. De ontnemingsmaatregel gaat niet over op de erfgenamen, maar er kan wel verhaal gehaald worden op de nalatenschap. Doorgaans wordt hier een bevraging bij iCOV gedaan of wordt in het testamentregister gekeken en worden de erven aangeschreven. Dit kan nabestaanden dus raken, als ze erfgenaam zijn. Het is daarmee een (betalings)verplichting op naam van de nabestaande geworden en daarmee valt het volgends de definitie van het traject buiten de scope.",,,Particulieren,,,
72,CJIB,Ontnemingsmaatregelen,Geen communicatie???,,,,,,,,,,,,"Het kan zijn dat nabestaanden waar het hier om gaat in eerste 3 maanden hierover worden geïnformeerd, want dat gaat geautomatiseerd (BRP - CJIB register - E-GOV/ Testamentregister - aanschrijven).",hoogstens 30x per jaar,Particulieren,,,
73,RDW,Wettelijke tenaamstelling auto (art 29 WvW,Verplichting,Overledene,de overledene tot aan de executie van het testament. Na executie dient de rechthebbende zelf actie te ondernemen,Verplichting blijft,Handmatig,,,Verplichte administratieve handeling,geen (website t infoeva),Kentekenbewijs overschrijven op naam van nieuwe eigenaar,wet,,5 weken na aanvaarding erfenis / na overlijden partner,,Particulieren/zakelijk,,,
74,RDW,Contactbrief,Communicatie,de 7e dag na ontvangst van het bericht van overlijden via BRP een eerste brief aan de overledene,,,,Contactbrief,overledene,Informatie,Brief,kennisgeving van actie,Beleid,"Gericht op vergroten kans op daadwerkelijk bereiken nabestaande. Signaal komt van BRP, communicatie gaat naar laatst bekende adres",Ongeveer 1 week,,,"Als het adres niet meer geldig is, is het lastig om met nabestaanden in contact te komen.",,
75,RDW,Rappel,Communicatie,1e rappel na drie maanden aan de nabestaande wiens adres voorkomt in het bestand van de Belastingdienst,"2e rappel na 6 maanden aan overeldene en nabestaanden en geeft een 'beeindiging van tenaamstelling aan"".",,,idem,idem,idem,idem,idem,,,3 maanden,,,,,
76,RDW,APK,Verplichting,Overledene,de overledene tot aan de executie van het testament. Na executie dient de rechthebbende zelf actie te ondernemen,Verplichting blijft,Handmatig,,,,,,,,,,,,,
77,RDW,APK herinneringsbrief,Communicatie,wordt niet verstuurd aan overledene of nabestaanden,,,,APK herinneringsbrief,,,,Stopt niet automatisch. Geen sanctionering,Beleid,Welke wet? Is een standaardbrief. Niet gericht aan nabestaanden.,Afhankelijk van afloop APK,?,Gericht aan overleden eigenaar auto,Is afhankelijk van het verlopen van APK,Er wordt niet automatisch gekeken of eigenaar is overleden. Brieven komen niet aan of nabestaanden kunnen niet ernaar handelen.,
78,RDW,APK aanmaning en sancties,Communicatie en verplichting,wordt niet opgelegd aan overledene en/ of nabestaande,,,,APK aanmaning en sancties,,,,Stopt niet automatisch. Geen sanctionering,Beleid,"Welke wet? Indien APK niet is verlengt, is er sprake van een overtreding. Dat gaat automatisch, door CJIB. Pas als er na de aanmaning geen reactie is wordt er onderzocht waarom.",Afhankelijk van afloop APK,?,Gericht aan overleden eigenaar auto,Is afhankelijk van het verlopen van APK,Er wordt niet automatisch gekeken of eigenaar is overleden. Brieven komen niet aan of nabestaanden kunnen niet ernaar handelen.,
79,WAM verzekering,WA-verzekering,Verplichting,Overledene,"Erven, executeur / nieuwe eigenaar",Verplichting blijft,Handmatig,,,,,Stopt niet automatisch.,,,,,,,,
80,WAM verzekering,WA-verzekering sancties,,,,,,,,,,,,,,,,,,
81,BOIP en Octrooicentrum,,,,,,,,,,,,,,,,,,,
82,UWV,,,,,,,,,,,,,,,,,,,
83,Gemeenten,Gemeentelijke belastingen,Verplichting,Overledene,Geen,Vervalt,Automatisch,,,,,,,,,,,,,
85,DUO,Studieschulden,,,,,,,,,,,,,,,,,,
